{"_runtime":33398.1546981,"_wandb":{"runtime":33398},"_step":99,"f1/train":0.33039462636439965,"_timestamp":1.743333273286172e+09,"f1/validation":0.23667100130039012,"f1/test":0.28503137137735285,"best_test_f1":0.4090909090909091}