{"f1/train":0.49587852494577006,"_timestamp":1.7436636014631524e+09,"f1/validation":0.4983420180009474,"f1/test":0.5303654850233581,"best_test_f1":0.5797189981673794,"_runtime":4040.6052945,"_step":32,"_wandb":{"runtime":4040}}