{"_timestamp":1.7432973863131378e+09,"f1/validation":0.315955766192733,"f1/test":0.16082474226804125,"best_test_f1":0.33430167597765365,"_runtime":9514.0744155,"_step":99,"_wandb":{"runtime":9514},"f1/train":0.5078797725426483}