{"f1/validation":0.3122546881814217,"f1/test":0.16043755697356427,"best_test_f1":0.32470469967328475,"_runtime":9533.6118507,"_step":99,"_wandb":{"runtime":9533},"f1/train":0.49632,"_timestamp":1.7436929206481502e+09}