{"f1/train":0.3145631067961165,"_timestamp":1.7437111565259244e+09,"_wandb":{"runtime":10068},"f1/validation":0.215962441314554,"f1/test":0.2960115329168669,"best_test_f1":0.2922433215320245,"_runtime":10068.0849884,"_step":99}