{"best_test_f1":0.6033292732440114,"_runtime":15934.386918,"_step":99,"f1/train":0.5407407407407407,"_wandb":{"runtime":15934},"_timestamp":1.7437280447806334e+09,"f1/validation":0.5447209145931405,"f1/test":0.6033292732440114}